{
  "target": "red",
  "centroid_xy": [
    0.5388813614845276,
    -0.029161011800169945
  ],
  "table_z": 0.0,
  "top_z": 0.25000011920928955,
  "height": 0.01,
  "size_xy": [
    0.03888136148452759,
    0.03564123385585845
  ],
  "hover": [
    0.5388813614845276,
    -0.029161011800169945,
    0.37000011920928955
  ],
  "grasp": [
    0.5388813614845276,
    -0.029161011800169945,
    0.23000011920928956
  ],
  "lift": [
    0.5388813614845276,
    -0.029161011800169945,
    0.4000001192092896
  ],
  "area_px": 152,
  "num_points": 152
}