{
  "target": "green-top",
  "centroid_xy": [
    0.5928198099136353,
    -0.048090092837810516
  ],
  "table_z": 0.0,
  "top_z": 0.2600000500679016,
  "height": 0.01,
  "size_xy": [
    0.04455313384532922,
    0.04746081363409757
  ],
  "hover": [
    0.5928198099136353,
    -0.048090092837810516,
    0.3800000500679016
  ],
  "grasp": [
    0.5928198099136353,
    -0.048090092837810516,
    0.24000005006790162
  ],
  "lift": [
    0.5928198099136353,
    -0.048090092837810516,
    0.41000005006790163
  ],
  "area_px": 234,
  "num_points": 234
}