{
  "target": "green-top",
  "centroid_xy": [
    0.5641201138496399,
    0.01603003218770027
  ],
  "table_z": 0.0,
  "top_z": 0.25999993085861206,
  "height": 0.01,
  "size_xy": [
    0.0448840856552124,
    0.0416780884610489
  ],
  "hover": [
    0.5641201138496399,
    0.01603003218770027,
    0.37999993085861206
  ],
  "grasp": [
    0.5641201138496399,
    0.01603003218770027,
    0.23999993085861207
  ],
  "lift": [
    0.5641201138496399,
    0.01603003218770027,
    0.4099999308586121
  ],
  "area_px": 232,
  "num_points": 232
}