{
  "target": "green-top",
  "centroid_xy": [
    0.5448840856552124,
    0.019236039370298386
  ],
  "table_z": 0.0,
  "top_z": 0.2600000500679016,
  "height": 0.01,
  "size_xy": [
    0.0448840856552124,
    0.04488408521283418
  ],
  "hover": [
    0.5448840856552124,
    0.019236039370298386,
    0.3800000500679016
  ],
  "grasp": [
    0.5448840856552124,
    0.019236039370298386,
    0.24000005006790162
  ],
  "lift": [
    0.5448840856552124,
    0.019236039370298386,
    0.41000005006790163
  ],
  "area_px": 219,
  "num_points": 219
}