{
  "target": "red",
  "centroid_xy": [
    0.5259209275245667,
    -0.003240112913772464
  ],
  "table_z": 0.0,
  "top_z": 0.25,
  "height": 0.01,
  "size_xy": [
    0.03240114450454712,
    0.03240112885832787
  ],
  "hover": [
    0.5259209275245667,
    -0.003240112913772464,
    0.37
  ],
  "grasp": [
    0.5259209275245667,
    -0.003240112913772464,
    0.23
  ],
  "lift": [
    0.5259209275245667,
    -0.003240112913772464,
    0.4
  ],
  "area_px": 133,
  "num_points": 133
}