{
  "target": "red",
  "centroid_xy": [
    0.5194406509399414,
    -0.016200561076402664
  ],
  "table_z": 0.0,
  "top_z": 0.25,
  "height": 0.01,
  "size_xy": [
    0.03466922044754028,
    0.035641238722018895
  ],
  "hover": [
    0.5194406509399414,
    -0.016200561076402664,
    0.37
  ],
  "grasp": [
    0.5194406509399414,
    -0.016200561076402664,
    0.23
  ],
  "lift": [
    0.5194406509399414,
    -0.016200561076402664,
    0.4
  ],
  "area_px": 147,
  "num_points": 147
}