{
  "target": "red",
  "centroid_xy": [
    0.4918997287750244,
    0.009720337577164173
  ],
  "table_z": 0.0,
  "top_z": 0.25000011920928955,
  "height": 0.01,
  "size_xy": [
    0.03207710385322571,
    0.03240112541243434
  ],
  "hover": [
    0.4918997287750244,
    0.009720337577164173,
    0.37000011920928955
  ],
  "grasp": [
    0.4918997287750244,
    0.009720337577164173,
    0.23000011920928956
  ],
  "lift": [
    0.4918997287750244,
    0.009720337577164173,
    0.4000001192092896
  ],
  "area_px": 132,
  "num_points": 132
}