{
  "target": "green-top",
  "centroid_xy": [
    0.5769441723823547,
    0.0
  ],
  "table_z": 0.0,
  "top_z": 0.25999999046325684,
  "height": 0.01,
  "size_xy": [
    0.0448840856552124,
    0.04167808461934328
  ],
  "hover": [
    0.5769441723823547,
    0.0,
    0.37999999046325683
  ],
  "grasp": [
    0.5769441723823547,
    0.0,
    0.23999999046325685
  ],
  "lift": [
    0.5769441723823547,
    0.0,
    0.40999999046325686
  ],
  "area_px": 235,
  "num_points": 235
}