{
  "target": "red",
  "centroid_xy": [
    0.5324011445045471,
    0.029161015525460243
  ],
  "table_z": 0.0,
  "top_z": 0.2500000596046448,
  "height": 0.01,
  "size_xy": [
    0.035641252994537354,
    0.03240112401545048
  ],
  "hover": [
    0.5324011445045471,
    0.029161015525460243,
    0.37000005960464477
  ],
  "grasp": [
    0.5324011445045471,
    0.029161015525460243,
    0.23000005960464479
  ],
  "lift": [
    0.5324011445045471,
    0.029161015525460243,
    0.4000000596046448
  ],
  "area_px": 135,
  "num_points": 135
}