{
  "target": "green-top",
  "centroid_xy": [
    0.5657231211662292,
    -0.03847207501530647
  ],
  "table_z": 0.0,
  "top_z": 0.25999999046325684,
  "height": 0.01,
  "size_xy": [
    0.04348833858966816,
    0.0448840893805027
  ],
  "hover": [
    0.5657231211662292,
    -0.03847207501530647,
    0.37999999046325683
  ],
  "grasp": [
    0.5657231211662292,
    -0.03847207501530647,
    0.23999999046325685
  ],
  "lift": [
    0.5657231211662292,
    -0.03847207501530647,
    0.40999999046325686
  ],
  "area_px": 234,
  "num_points": 234
}