{
  "hover": [
    0.4775579571723938,
    -0.02885405905544758,
    0.4012005588039756
  ],
  "place": [
    0.4775579571723938,
    -0.02885405905544758,
    0.2812005588039756
  ],
  "post": [
    0.4775579571723938,
    -0.02885405905544758,
    0.4424011271446944
  ]
}