{
  "hover": [
    0.47595494985580444,
    0.008015016093850136,
    0.4020105847157538
  ],
  "place": [
    0.47595494985580444,
    0.008015016093850136,
    0.2820105847157538
  ],
  "post": [
    0.47595494985580444,
    0.008015016093850136,
    0.4440211789682508
  ]
}