{
  "hover": [
    0.5352660417556763,
    0.025648050010204315,
    0.4445832509198226
  ],
  "place": [
    0.5352660417556763,
    0.025648050010204315,
    0.3245832509198226
  ],
  "post": [
    0.5352660417556763,
    0.025648050010204315,
    0.4919052733108401
  ]
}