{
  "hover": [
    0.5032060146331787,
    -0.048090096563100815,
    0.4396811494982103
  ],
  "place": [
    0.5032060146331787,
    -0.048090096563100815,
    0.3196811494982103
  ],
  "post": [
    0.5032060146331787,
    -0.048090096563100815,
    0.48712319390033376
  ]
}