{
  "hover": [
    0.5032060146331787,
    -0.048090096563100815,
    0.40111954777967185
  ],
  "place": [
    0.5032060146331787,
    -0.048090096563100815,
    0.28111954777967185
  ],
  "post": [
    0.5032060146331787,
    -0.048090096563100815,
    0.4422391050960869
  ]
}