{
  "hover": [
    0.4775579571723938,
    -0.02885405905544758,
    0.4396687026950531
  ],
  "place": [
    0.4775579571723938,
    -0.02885405905544758,
    0.3196687026950531
  ],
  "post": [
    0.4775579571723938,
    -0.02885405905544758,
    0.48693627824541186
  ]
}