{
  "hover": [
    0.46793994307518005,
    0.0032060062512755394,
    0.4025776052556466
  ],
  "place": [
    0.46793994307518005,
    0.0032060062512755394,
    0.2825776052556466
  ],
  "post": [
    0.46793994307518005,
    0.0032060062512755394,
    0.4451552200480364
  ]
}