{
  "hover": [
    0.46793994307518005,
    0.0032060062512755394,
    0.4417957630270393
  ],
  "place": [
    0.46793994307518005,
    0.0032060062512755394,
    0.3217957630270393
  ],
  "post": [
    0.46793994307518005,
    0.0032060062512755394,
    0.48843630600604226
  ]
}