{
  "red_edge_est": 0.034021188504993916,
  "green_edge_est": 0.04247958157211542,
  "base_green": {
    "cid": 1,
    "centroid_xy": [
      0.47595494985580444,
      0.008015016093850136
    ],
    "top_z": 0.25999999046325684
  },
  "top_green": {
    "cid": 2,
    "centroid_xy": [
      0.5769441723823547,
      0.0
    ],
    "top_z": 0.25999999046325684
  }
}