{
  "red_edge_est": 0.03726129767019302,
  "green_edge_est": 0.044644044782035035,
  "base_green": {
    "cid": 1,
    "centroid_xy": [
      0.5352660417556763,
      0.025648050010204315
    ],
    "top_z": 0.25999993085861206
  },
  "top_green": {
    "cid": 2,
    "centroid_xy": [
      0.5928198099136353,
      -0.048090092837810516
    ],
    "top_z": 0.2600000500679016
  }
}