{
  "red_edge_est": 0.03515522958477959,
  "green_edge_est": 0.04328108595800586,
  "base_green": {
    "cid": 1,
    "centroid_xy": [
      0.46793994307518005,
      0.0032060062512755394
    ],
    "top_z": 0.25999999046325684
  },
  "top_green": {
    "cid": 2,
    "centroid_xy": [
      0.5641201138496399,
      0.01603003218770027
    ],
    "top_z": 0.25999993085861206
  }
}