{
  "red_edge_est": 0.032401136681437494,
  "green_edge_est": 0.04453515110071746,
  "base_green": {
    "cid": 1,
    "centroid_xy": [
      0.4775579571723938,
      -0.02885405905544758
    ],
    "top_z": 0.25999999046325684
  },
  "top_green": {
    "cid": 2,
    "centroid_xy": [
      0.5657231211662292,
      -0.03847207501530647
    ],
    "top_z": 0.25999999046325684
  }
}