{
  "hover": [
    0.47595494985580444,
    0.008015016093850136,
    0.44026096975430845
  ],
  "place": [
    0.47595494985580444,
    0.008015016093850136,
    0.32026096975430846
  ],
  "post": [
    0.47595494985580444,
    0.008015016093850136,
    0.4865007605403662
  ]
}