{
  "red_edge_est": 0.032239114632830024,
  "green_edge_est": 0.04488408880424686,
  "base_green": {
    "cid": 1,
    "centroid_xy": [
      0.5032060146331787,
      -0.048090096563100815
    ],
    "top_z": 0.25999999046325684
  },
  "top_green": {
    "cid": 2,
    "centroid_xy": [
      0.5448840856552124,
      0.019236039370298386
    ],
    "top_z": 0.2600000500679016
  }
}