{
  "hover": [
    0.5352660417556763,
    0.025648050010204315,
    0.4036305796937086
  ],
  "place": [
    0.5352660417556763,
    0.025648050010204315,
    0.2836305796937086
  ],
  "post": [
    0.5352660417556763,
    0.025648050010204315,
    0.4472612285288051
  ]
}